,Duration,TotalPackets,TotalBytes,SourceBytes,Protocol_tcp,Protocol_udp,Direction_->,Direction_<->,DestTypeService_-1.0,DestTypeService_0.0,cluster
418315,0.21890634203694329,224.0707356750773,229.4806024144136,538.7665735477925,1.0,0.0,1.0,0.0,0.0,1.0,2
419585,-0.15821731695743552,124.97965917991185,144.02933284689752,326.5572494340064,1.0,0.0,1.0,0.0,0.0,1.0,2
585475,0.06839804061696646,956.5924271211777,168.37027962058605,362.25833576667986,1.0,0.0,1.0,0.0,0.0,1.0,2
585542,0.20996940760167326,240.31621833326585,248.2519282929377,591.8611589059291,1.0,0.0,1.0,0.0,0.0,1.0,2
794643,4.0851456504224775,101.01935911922735,104.76245357836659,231.4946173059356,1.0,0.0,1.0,0.0,0.0,1.0,2
