,PC1,PC2,PC3,PC4,PC5,PC6,PC7,PC8,PC9,PC10,cluster
25791,221.37678973255382,-0.5704948368180115,1.5272656753561271,53.73354924864872,0.29643388281826183,0.04054432166308313,0.01670336042819543,0.2527095417106339,-8.956022834080056,-0.0048184139548741655,2
413007,183.63431785351415,-0.011631622315464612,2.170887155144348,120.95928066652088,0.755906056416469,0.06334406493084233,0.03726413553560563,0.2540946031442038,-10.476846497462308,-0.0028429019686442483,2
418315,534.2608433013305,-10.601364951281925,10.998130531169696,327.49424718857506,0.5743068088566301,0.07539006896849658,-0.0043570449618502176,0.29293910915448684,-14.816053117401204,0.013880507780053182,2
419585,320.0911282703751,-6.801456730262308,6.253918998434386,200.1378235204086,0.5469793192274555,0.04325223319330415,-0.007459160854216055,0.4825858358093888,-20.16301772021434,0.0029081433769976954,2
585475,874.5941801662523,-14.533637050249867,8.273122264455209,-33.958135057480376,-1.0814391910465802,-0.22680901839192985,0.923349751472002,-13.947715009767265,555.0729326968185,0.2693763885932606,2
585542,580.8455689197265,-11.545609043997144,12.188478367658918,362.9098010655818,0.6071057360644507,0.0850989789315792,-0.010007634023974706,0.35188516050322705,-17.748992915338377,0.014811407180245576,2
794643,236.46741242859943,-0.9868176728769724,3.101828882954288,137.13892933770097,0.6849429099646511,0.06526833441390995,0.037454741226120566,0.16858918921583108,-7.308389911491482,9.474153387102236e-05,2
